protocol,scope,run_name,stage,model_kind,feedback,seed,epoch,step,task,metric,value,n,source_path,source_sha256,manifest_path,manifest_sha256,ledger_path,ledger_sha256
aio3,locked_val,aio3_stage_a_coarse_seed1415926,a,srsc,,1415926,5,10755,dehaze,psnr,29.198444129199515,,/root/autodl-tmp/srsc_lite_v12/artifacts/metrics/aio3_stage_a_coarse_seed1415926_locked_val.jsonl,68c6eceb104b8e7c7fd57c154ef3dafe311daead248ceeeed26a25452edd1b7c,,,,
aio3,locked_val,aio3_stage_a_coarse_seed1415926,a,srsc,,1415926,5,10755,denoise15,psnr,32.36121409147688,,/root/autodl-tmp/srsc_lite_v12/artifacts/metrics/aio3_stage_a_coarse_seed1415926_locked_val.jsonl,68c6eceb104b8e7c7fd57c154ef3dafe311daead248ceeeed26a25452edd1b7c,,,,
aio3,locked_val,aio3_stage_a_coarse_seed1415926,a,srsc,,1415926,5,10755,denoise25,psnr,29.93817516438012,,/root/autodl-tmp/srsc_lite_v12/artifacts/metrics/aio3_stage_a_coarse_seed1415926_locked_val.jsonl,68c6eceb104b8e7c7fd57c154ef3dafe311daead248ceeeed26a25452edd1b7c,,,,
aio3,locked_val,aio3_stage_a_coarse_seed1415926,a,srsc,,1415926,5,10755,denoise50,psnr,26.519114651726287,,/root/autodl-tmp/srsc_lite_v12/artifacts/metrics/aio3_stage_a_coarse_seed1415926_locked_val.jsonl,68c6eceb104b8e7c7fd57c154ef3dafe311daead248ceeeed26a25452edd1b7c,,,,
aio3,locked_val,aio3_stage_a_coarse_seed1415926,a,srsc,,1415926,5,10755,derain,psnr,26.03102617263794,,/root/autodl-tmp/srsc_lite_v12/artifacts/metrics/aio3_stage_a_coarse_seed1415926_locked_val.jsonl,68c6eceb104b8e7c7fd57c154ef3dafe311daead248ceeeed26a25452edd1b7c,,,,
aio3,locked_val,aio3_stage_a_coarse_seed1415926,a,srsc,,1415926,5,10755,five_setting_mean,psnr,28.80959484188415,,/root/autodl-tmp/srsc_lite_v12/artifacts/metrics/aio3_stage_a_coarse_seed1415926_locked_val.jsonl,68c6eceb104b8e7c7fd57c154ef3dafe311daead248ceeeed26a25452edd1b7c,,,,
aio3,locked_val,aio3_stage_a_coarse_seed1415926,a,srsc,,1415926,10,21510,dehaze,psnr,30.73765804011647,,/root/autodl-tmp/srsc_lite_v12/artifacts/metrics/aio3_stage_a_coarse_seed1415926_locked_val.jsonl,68c6eceb104b8e7c7fd57c154ef3dafe311daead248ceeeed26a25452edd1b7c,,,,
aio3,locked_val,aio3_stage_a_coarse_seed1415926,a,srsc,,1415926,10,21510,denoise15,psnr,33.80661203328845,,/root/autodl-tmp/srsc_lite_v12/artifacts/metrics/aio3_stage_a_coarse_seed1415926_locked_val.jsonl,68c6eceb104b8e7c7fd57c154ef3dafe311daead248ceeeed26a25452edd1b7c,,,,
aio3,locked_val,aio3_stage_a_coarse_seed1415926,a,srsc,,1415926,10,21510,denoise25,psnr,31.355534636858597,,/root/autodl-tmp/srsc_lite_v12/artifacts/metrics/aio3_stage_a_coarse_seed1415926_locked_val.jsonl,68c6eceb104b8e7c7fd57c154ef3dafe311daead248ceeeed26a25452edd1b7c,,,,
aio3,locked_val,aio3_stage_a_coarse_seed1415926,a,srsc,,1415926,10,21510,denoise50,psnr,27.995130594494274,,/root/autodl-tmp/srsc_lite_v12/artifacts/metrics/aio3_stage_a_coarse_seed1415926_locked_val.jsonl,68c6eceb104b8e7c7fd57c154ef3dafe311daead248ceeeed26a25452edd1b7c,,,,
aio3,locked_val,aio3_stage_a_coarse_seed1415926,a,srsc,,1415926,10,21510,derain,psnr,31.282574558258055,,/root/autodl-tmp/srsc_lite_v12/artifacts/metrics/aio3_stage_a_coarse_seed1415926_locked_val.jsonl,68c6eceb104b8e7c7fd57c154ef3dafe311daead248ceeeed26a25452edd1b7c,,,,
aio3,locked_val,aio3_stage_a_coarse_seed1415926,a,srsc,,1415926,10,21510,five_setting_mean,psnr,31.035501972603168,,/root/autodl-tmp/srsc_lite_v12/artifacts/metrics/aio3_stage_a_coarse_seed1415926_locked_val.jsonl,68c6eceb104b8e7c7fd57c154ef3dafe311daead248ceeeed26a25452edd1b7c,,,,
aio3,locked_val,aio3_stage_a_coarse_seed1415926,a,srsc,,1415926,15,32265,dehaze,psnr,33.143854662267174,,/root/autodl-tmp/srsc_lite_v12/artifacts/metrics/aio3_stage_a_coarse_seed1415926_locked_val.jsonl,68c6eceb104b8e7c7fd57c154ef3dafe311daead248ceeeed26a25452edd1b7c,,,,
aio3,locked_val,aio3_stage_a_coarse_seed1415926,a,srsc,,1415926,15,32265,denoise15,psnr,34.11751854535446,,/root/autodl-tmp/srsc_lite_v12/artifacts/metrics/aio3_stage_a_coarse_seed1415926_locked_val.jsonl,68c6eceb104b8e7c7fd57c154ef3dafe311daead248ceeeed26a25452edd1b7c,,,,
aio3,locked_val,aio3_stage_a_coarse_seed1415926,a,srsc,,1415926,15,32265,denoise25,psnr,31.729674274481617,,/root/autodl-tmp/srsc_lite_v12/artifacts/metrics/aio3_stage_a_coarse_seed1415926_locked_val.jsonl,68c6eceb104b8e7c7fd57c154ef3dafe311daead248ceeeed26a25452edd1b7c,,,,
aio3,locked_val,aio3_stage_a_coarse_seed1415926,a,srsc,,1415926,15,32265,denoise50,psnr,28.493838226910935,,/root/autodl-tmp/srsc_lite_v12/artifacts/metrics/aio3_stage_a_coarse_seed1415926_locked_val.jsonl,68c6eceb104b8e7c7fd57c154ef3dafe311daead248ceeeed26a25452edd1b7c,,,,
aio3,locked_val,aio3_stage_a_coarse_seed1415926,a,srsc,,1415926,15,32265,derain,psnr,32.70290727615357,,/root/autodl-tmp/srsc_lite_v12/artifacts/metrics/aio3_stage_a_coarse_seed1415926_locked_val.jsonl,68c6eceb104b8e7c7fd57c154ef3dafe311daead248ceeeed26a25452edd1b7c,,,,
aio3,locked_val,aio3_stage_a_coarse_seed1415926,a,srsc,,1415926,15,32265,five_setting_mean,psnr,32.03755859703355,,/root/autodl-tmp/srsc_lite_v12/artifacts/metrics/aio3_stage_a_coarse_seed1415926_locked_val.jsonl,68c6eceb104b8e7c7fd57c154ef3dafe311daead248ceeeed26a25452edd1b7c,,,,
aio3,locked_val,aio3_stage_a_coarse_seed1415926,a,srsc,,1415926,20,43020,dehaze,psnr,33.68898508025379,,/root/autodl-tmp/srsc_lite_v12/artifacts/metrics/aio3_stage_a_coarse_seed1415926_locked_val.jsonl,68c6eceb104b8e7c7fd57c154ef3dafe311daead248ceeeed26a25452edd1b7c,,,,
aio3,locked_val,aio3_stage_a_coarse_seed1415926,a,srsc,,1415926,20,43020,denoise15,psnr,34.546320276352965,,/root/autodl-tmp/srsc_lite_v12/artifacts/metrics/aio3_stage_a_coarse_seed1415926_locked_val.jsonl,68c6eceb104b8e7c7fd57c154ef3dafe311daead248ceeeed26a25452edd1b7c,,,,
aio3,locked_val,aio3_stage_a_coarse_seed1415926,a,srsc,,1415926,20,43020,denoise25,psnr,32.109816153072614,,/root/autodl-tmp/srsc_lite_v12/artifacts/metrics/aio3_stage_a_coarse_seed1415926_locked_val.jsonl,68c6eceb104b8e7c7fd57c154ef3dafe311daead248ceeeed26a25452edd1b7c,,,,
aio3,locked_val,aio3_stage_a_coarse_seed1415926,a,srsc,,1415926,20,43020,denoise50,psnr,28.841417831124613,,/root/autodl-tmp/srsc_lite_v12/artifacts/metrics/aio3_stage_a_coarse_seed1415926_locked_val.jsonl,68c6eceb104b8e7c7fd57c154ef3dafe311daead248ceeeed26a25452edd1b7c,,,,
aio3,locked_val,aio3_stage_a_coarse_seed1415926,a,srsc,,1415926,20,43020,derain,psnr,34.25160894393921,,/root/autodl-tmp/srsc_lite_v12/artifacts/metrics/aio3_stage_a_coarse_seed1415926_locked_val.jsonl,68c6eceb104b8e7c7fd57c154ef3dafe311daead248ceeeed26a25452edd1b7c,,,,
aio3,locked_val,aio3_stage_a_coarse_seed1415926,a,srsc,,1415926,20,43020,five_setting_mean,psnr,32.68762965694863,,/root/autodl-tmp/srsc_lite_v12/artifacts/metrics/aio3_stage_a_coarse_seed1415926_locked_val.jsonl,68c6eceb104b8e7c7fd57c154ef3dafe311daead248ceeeed26a25452edd1b7c,,,,
aio3,locked_val,aio3_stage_a_coarse_seed1415926,a,srsc,,1415926,25,53775,dehaze,psnr,33.41313908274581,,/root/autodl-tmp/srsc_lite_v12/artifacts/metrics/aio3_stage_a_coarse_seed1415926_locked_val.jsonl,68c6eceb104b8e7c7fd57c154ef3dafe311daead248ceeeed26a25452edd1b7c,,,,
aio3,locked_val,aio3_stage_a_coarse_seed1415926,a,srsc,,1415926,25,53775,denoise15,psnr,34.772979791881966,,/root/autodl-tmp/srsc_lite_v12/artifacts/metrics/aio3_stage_a_coarse_seed1415926_locked_val.jsonl,68c6eceb104b8e7c7fd57c154ef3dafe311daead248ceeeed26a25452edd1b7c,,,,
aio3,locked_val,aio3_stage_a_coarse_seed1415926,a,srsc,,1415926,25,53775,denoise25,psnr,32.303510499232026,,/root/autodl-tmp/srsc_lite_v12/artifacts/metrics/aio3_stage_a_coarse_seed1415926_locked_val.jsonl,68c6eceb104b8e7c7fd57c154ef3dafe311daead248ceeeed26a25452edd1b7c,,,,
aio3,locked_val,aio3_stage_a_coarse_seed1415926,a,srsc,,1415926,25,53775,denoise50,psnr,29.010011210024935,,/root/autodl-tmp/srsc_lite_v12/artifacts/metrics/aio3_stage_a_coarse_seed1415926_locked_val.jsonl,68c6eceb104b8e7c7fd57c154ef3dafe311daead248ceeeed26a25452edd1b7c,,,,
aio3,locked_val,aio3_stage_a_coarse_seed1415926,a,srsc,,1415926,25,53775,derain,psnr,34.85647735595703,,/root/autodl-tmp/srsc_lite_v12/artifacts/metrics/aio3_stage_a_coarse_seed1415926_locked_val.jsonl,68c6eceb104b8e7c7fd57c154ef3dafe311daead248ceeeed26a25452edd1b7c,,,,
aio3,locked_val,aio3_stage_a_coarse_seed1415926,a,srsc,,1415926,25,53775,five_setting_mean,psnr,32.87122358796835,,/root/autodl-tmp/srsc_lite_v12/artifacts/metrics/aio3_stage_a_coarse_seed1415926_locked_val.jsonl,68c6eceb104b8e7c7fd57c154ef3dafe311daead248ceeeed26a25452edd1b7c,,,,
aio3,locked_val,aio3_stage_a_coarse_seed1415926,a,srsc,,1415926,30,64530,dehaze,psnr,34.85742621072909,,/root/autodl-tmp/srsc_lite_v12/artifacts/metrics/aio3_stage_a_coarse_seed1415926_locked_val.jsonl,68c6eceb104b8e7c7fd57c154ef3dafe311daead248ceeeed26a25452edd1b7c,,,,
aio3,locked_val,aio3_stage_a_coarse_seed1415926,a,srsc,,1415926,30,64530,denoise15,psnr,34.88369008406852,,/root/autodl-tmp/srsc_lite_v12/artifacts/metrics/aio3_stage_a_coarse_seed1415926_locked_val.jsonl,68c6eceb104b8e7c7fd57c154ef3dafe311daead248ceeeed26a25452edd1b7c,,,,
aio3,locked_val,aio3_stage_a_coarse_seed1415926,a,srsc,,1415926,30,64530,denoise25,psnr,32.42653689338166,,/root/autodl-tmp/srsc_lite_v12/artifacts/metrics/aio3_stage_a_coarse_seed1415926_locked_val.jsonl,68c6eceb104b8e7c7fd57c154ef3dafe311daead248ceeeed26a25452edd1b7c,,,,
aio3,locked_val,aio3_stage_a_coarse_seed1415926,a,srsc,,1415926,30,64530,denoise50,psnr,29.128130681306413,,/root/autodl-tmp/srsc_lite_v12/artifacts/metrics/aio3_stage_a_coarse_seed1415926_locked_val.jsonl,68c6eceb104b8e7c7fd57c154ef3dafe311daead248ceeeed26a25452edd1b7c,,,,
aio3,locked_val,aio3_stage_a_coarse_seed1415926,a,srsc,,1415926,30,64530,derain,psnr,35.45156383514404,,/root/autodl-tmp/srsc_lite_v12/artifacts/metrics/aio3_stage_a_coarse_seed1415926_locked_val.jsonl,68c6eceb104b8e7c7fd57c154ef3dafe311daead248ceeeed26a25452edd1b7c,,,,
aio3,locked_val,aio3_stage_a_coarse_seed1415926,a,srsc,,1415926,30,64530,five_setting_mean,psnr,33.34946954092594,,/root/autodl-tmp/srsc_lite_v12/artifacts/metrics/aio3_stage_a_coarse_seed1415926_locked_val.jsonl,68c6eceb104b8e7c7fd57c154ef3dafe311daead248ceeeed26a25452edd1b7c,,,,
aio3,locked_val,aio3_stage_a_coarse_seed1415926,a,srsc,,1415926,35,75285,dehaze,psnr,34.18367468671101,,/root/autodl-tmp/srsc_lite_v12/artifacts/metrics/aio3_stage_a_coarse_seed1415926_locked_val.jsonl,68c6eceb104b8e7c7fd57c154ef3dafe311daead248ceeeed26a25452edd1b7c,,,,
aio3,locked_val,aio3_stage_a_coarse_seed1415926,a,srsc,,1415926,35,75285,denoise15,psnr,34.92486714853824,,/root/autodl-tmp/srsc_lite_v12/artifacts/metrics/aio3_stage_a_coarse_seed1415926_locked_val.jsonl,68c6eceb104b8e7c7fd57c154ef3dafe311daead248ceeeed26a25452edd1b7c,,,,
aio3,locked_val,aio3_stage_a_coarse_seed1415926,a,srsc,,1415926,35,75285,denoise25,psnr,32.44056377596068,,/root/autodl-tmp/srsc_lite_v12/artifacts/metrics/aio3_stage_a_coarse_seed1415926_locked_val.jsonl,68c6eceb104b8e7c7fd57c154ef3dafe311daead248ceeeed26a25452edd1b7c,,,,
aio3,locked_val,aio3_stage_a_coarse_seed1415926,a,srsc,,1415926,35,75285,denoise50,psnr,29.105977863941376,,/root/autodl-tmp/srsc_lite_v12/artifacts/metrics/aio3_stage_a_coarse_seed1415926_locked_val.jsonl,68c6eceb104b8e7c7fd57c154ef3dafe311daead248ceeeed26a25452edd1b7c,,,,
aio3,locked_val,aio3_stage_a_coarse_seed1415926,a,srsc,,1415926,35,75285,derain,psnr,35.517562580108645,,/root/autodl-tmp/srsc_lite_v12/artifacts/metrics/aio3_stage_a_coarse_seed1415926_locked_val.jsonl,68c6eceb104b8e7c7fd57c154ef3dafe311daead248ceeeed26a25452edd1b7c,,,,
aio3,locked_val,aio3_stage_a_coarse_seed1415926,a,srsc,,1415926,35,75285,five_setting_mean,psnr,33.234529211051985,,/root/autodl-tmp/srsc_lite_v12/artifacts/metrics/aio3_stage_a_coarse_seed1415926_locked_val.jsonl,68c6eceb104b8e7c7fd57c154ef3dafe311daead248ceeeed26a25452edd1b7c,,,,
aio3,locked_val,aio3_stage_a_coarse_seed1415926,a,srsc,,1415926,40,86040,dehaze,psnr,35.18256543787514,,/root/autodl-tmp/srsc_lite_v12/artifacts/metrics/aio3_stage_a_coarse_seed1415926_locked_val.jsonl,68c6eceb104b8e7c7fd57c154ef3dafe311daead248ceeeed26a25452edd1b7c,,,,
aio3,locked_val,aio3_stage_a_coarse_seed1415926,a,srsc,,1415926,40,86040,denoise15,psnr,34.97814793262667,,/root/autodl-tmp/srsc_lite_v12/artifacts/metrics/aio3_stage_a_coarse_seed1415926_locked_val.jsonl,68c6eceb104b8e7c7fd57c154ef3dafe311daead248ceeeed26a25452edd1b7c,,,,
aio3,locked_val,aio3_stage_a_coarse_seed1415926,a,srsc,,1415926,40,86040,denoise25,psnr,32.51768995488732,,/root/autodl-tmp/srsc_lite_v12/artifacts/metrics/aio3_stage_a_coarse_seed1415926_locked_val.jsonl,68c6eceb104b8e7c7fd57c154ef3dafe311daead248ceeeed26a25452edd1b7c,,,,
aio3,locked_val,aio3_stage_a_coarse_seed1415926,a,srsc,,1415926,40,86040,denoise50,psnr,29.210565289247384,,/root/autodl-tmp/srsc_lite_v12/artifacts/metrics/aio3_stage_a_coarse_seed1415926_locked_val.jsonl,68c6eceb104b8e7c7fd57c154ef3dafe311daead248ceeeed26a25452edd1b7c,,,,
aio3,locked_val,aio3_stage_a_coarse_seed1415926,a,srsc,,1415926,40,86040,derain,psnr,35.79500761032104,,/root/autodl-tmp/srsc_lite_v12/artifacts/metrics/aio3_stage_a_coarse_seed1415926_locked_val.jsonl,68c6eceb104b8e7c7fd57c154ef3dafe311daead248ceeeed26a25452edd1b7c,,,,
aio3,locked_val,aio3_stage_a_coarse_seed1415926,a,srsc,,1415926,40,86040,five_setting_mean,psnr,33.53679524499151,,/root/autodl-tmp/srsc_lite_v12/artifacts/metrics/aio3_stage_a_coarse_seed1415926_locked_val.jsonl,68c6eceb104b8e7c7fd57c154ef3dafe311daead248ceeeed26a25452edd1b7c,,,,
aio3,locked_val,aio3_stage_a_coarse_seed1415926,a,srsc,,1415926,45,96795,dehaze,psnr,34.877851514118476,,/root/autodl-tmp/srsc_lite_v12/artifacts/metrics/aio3_stage_a_coarse_seed1415926_locked_val.jsonl,68c6eceb104b8e7c7fd57c154ef3dafe311daead248ceeeed26a25452edd1b7c,,,,
aio3,locked_val,aio3_stage_a_coarse_seed1415926,a,srsc,,1415926,45,96795,denoise15,psnr,34.95614435140369,,/root/autodl-tmp/srsc_lite_v12/artifacts/metrics/aio3_stage_a_coarse_seed1415926_locked_val.jsonl,68c6eceb104b8e7c7fd57c154ef3dafe311daead248ceeeed26a25452edd1b7c,,,,
aio3,locked_val,aio3_stage_a_coarse_seed1415926,a,srsc,,1415926,45,96795,denoise25,psnr,32.497901323929575,,/root/autodl-tmp/srsc_lite_v12/artifacts/metrics/aio3_stage_a_coarse_seed1415926_locked_val.jsonl,68c6eceb104b8e7c7fd57c154ef3dafe311daead248ceeeed26a25452edd1b7c,,,,
aio3,locked_val,aio3_stage_a_coarse_seed1415926,a,srsc,,1415926,45,96795,denoise50,psnr,29.211848786733682,,/root/autodl-tmp/srsc_lite_v12/artifacts/metrics/aio3_stage_a_coarse_seed1415926_locked_val.jsonl,68c6eceb104b8e7c7fd57c154ef3dafe311daead248ceeeed26a25452edd1b7c,,,,
aio3,locked_val,aio3_stage_a_coarse_seed1415926,a,srsc,,1415926,45,96795,derain,psnr,35.89538135528564,,/root/autodl-tmp/srsc_lite_v12/artifacts/metrics/aio3_stage_a_coarse_seed1415926_locked_val.jsonl,68c6eceb104b8e7c7fd57c154ef3dafe311daead248ceeeed26a25452edd1b7c,,,,
aio3,locked_val,aio3_stage_a_coarse_seed1415926,a,srsc,,1415926,45,96795,five_setting_mean,psnr,33.48782546629421,,/root/autodl-tmp/srsc_lite_v12/artifacts/metrics/aio3_stage_a_coarse_seed1415926_locked_val.jsonl,68c6eceb104b8e7c7fd57c154ef3dafe311daead248ceeeed26a25452edd1b7c,,,,
aio3,locked_val,aio3_stage_a_coarse_seed1415926,a,srsc,,1415926,50,107550,dehaze,psnr,34.727344243119404,,/root/autodl-tmp/srsc_lite_v12/artifacts/metrics/aio3_stage_a_coarse_seed1415926_locked_val.jsonl,68c6eceb104b8e7c7fd57c154ef3dafe311daead248ceeeed26a25452edd1b7c,,,,
aio3,locked_val,aio3_stage_a_coarse_seed1415926,a,srsc,,1415926,50,107550,denoise15,psnr,35.04904259987248,,/root/autodl-tmp/srsc_lite_v12/artifacts/metrics/aio3_stage_a_coarse_seed1415926_locked_val.jsonl,68c6eceb104b8e7c7fd57c154ef3dafe311daead248ceeeed26a25452edd1b7c,,,,
aio3,locked_val,aio3_stage_a_coarse_seed1415926,a,srsc,,1415926,50,107550,denoise25,psnr,32.58479781289702,,/root/autodl-tmp/srsc_lite_v12/artifacts/metrics/aio3_stage_a_coarse_seed1415926_locked_val.jsonl,68c6eceb104b8e7c7fd57c154ef3dafe311daead248ceeeed26a25452edd1b7c,,,,
aio3,locked_val,aio3_stage_a_coarse_seed1415926,a,srsc,,1415926,50,107550,denoise50,psnr,29.282242117576228,,/root/autodl-tmp/srsc_lite_v12/artifacts/metrics/aio3_stage_a_coarse_seed1415926_locked_val.jsonl,68c6eceb104b8e7c7fd57c154ef3dafe311daead248ceeeed26a25452edd1b7c,,,,
aio3,locked_val,aio3_stage_a_coarse_seed1415926,a,srsc,,1415926,50,107550,derain,psnr,36.057088661193845,,/root/autodl-tmp/srsc_lite_v12/artifacts/metrics/aio3_stage_a_coarse_seed1415926_locked_val.jsonl,68c6eceb104b8e7c7fd57c154ef3dafe311daead248ceeeed26a25452edd1b7c,,,,
aio3,locked_val,aio3_stage_a_coarse_seed1415926,a,srsc,,1415926,50,107550,five_setting_mean,psnr,33.5401030869318,,/root/autodl-tmp/srsc_lite_v12/artifacts/metrics/aio3_stage_a_coarse_seed1415926_locked_val.jsonl,68c6eceb104b8e7c7fd57c154ef3dafe311daead248ceeeed26a25452edd1b7c,,,,
aio3,locked_val,aio3_stage_a_coarse_seed1415926,a,srsc,,1415926,55,118305,dehaze,psnr,35.62391588164539,,/root/autodl-tmp/srsc_lite_v12/artifacts/metrics/aio3_stage_a_coarse_seed1415926_locked_val.jsonl,68c6eceb104b8e7c7fd57c154ef3dafe311daead248ceeeed26a25452edd1b7c,,,,
aio3,locked_val,aio3_stage_a_coarse_seed1415926,a,srsc,,1415926,55,118305,denoise15,psnr,35.086664755367536,,/root/autodl-tmp/srsc_lite_v12/artifacts/metrics/aio3_stage_a_coarse_seed1415926_locked_val.jsonl,68c6eceb104b8e7c7fd57c154ef3dafe311daead248ceeeed26a25452edd1b7c,,,,
aio3,locked_val,aio3_stage_a_coarse_seed1415926,a,srsc,,1415926,55,118305,denoise25,psnr,32.60324305932499,,/root/autodl-tmp/srsc_lite_v12/artifacts/metrics/aio3_stage_a_coarse_seed1415926_locked_val.jsonl,68c6eceb104b8e7c7fd57c154ef3dafe311daead248ceeeed26a25452edd1b7c,,,,
aio3,locked_val,aio3_stage_a_coarse_seed1415926,a,srsc,,1415926,55,118305,denoise50,psnr,29.289154756416394,,/root/autodl-tmp/srsc_lite_v12/artifacts/metrics/aio3_stage_a_coarse_seed1415926_locked_val.jsonl,68c6eceb104b8e7c7fd57c154ef3dafe311daead248ceeeed26a25452edd1b7c,,,,
aio3,locked_val,aio3_stage_a_coarse_seed1415926,a,srsc,,1415926,55,118305,derain,psnr,36.1239953994751,,/root/autodl-tmp/srsc_lite_v12/artifacts/metrics/aio3_stage_a_coarse_seed1415926_locked_val.jsonl,68c6eceb104b8e7c7fd57c154ef3dafe311daead248ceeeed26a25452edd1b7c,,,,
aio3,locked_val,aio3_stage_a_coarse_seed1415926,a,srsc,,1415926,55,118305,five_setting_mean,psnr,33.745394770445884,,/root/autodl-tmp/srsc_lite_v12/artifacts/metrics/aio3_stage_a_coarse_seed1415926_locked_val.jsonl,68c6eceb104b8e7c7fd57c154ef3dafe311daead248ceeeed26a25452edd1b7c,,,,
aio3,locked_val,aio3_stage_a_coarse_seed1415926,a,srsc,,1415926,60,124040,dehaze,psnr,35.94617723604528,,/root/autodl-tmp/srsc_lite_v12/artifacts/metrics/aio3_stage_a_coarse_seed1415926_locked_val.jsonl,68c6eceb104b8e7c7fd57c154ef3dafe311daead248ceeeed26a25452edd1b7c,,,,
aio3,locked_val,aio3_stage_a_coarse_seed1415926,a,srsc,,1415926,60,124040,denoise15,psnr,35.128078479211304,,/root/autodl-tmp/srsc_lite_v12/artifacts/metrics/aio3_stage_a_coarse_seed1415926_locked_val.jsonl,68c6eceb104b8e7c7fd57c154ef3dafe311daead248ceeeed26a25452edd1b7c,,,,
aio3,locked_val,aio3_stage_a_coarse_seed1415926,a,srsc,,1415926,60,124040,denoise25,psnr,32.65885710484773,,/root/autodl-tmp/srsc_lite_v12/artifacts/metrics/aio3_stage_a_coarse_seed1415926_locked_val.jsonl,68c6eceb104b8e7c7fd57c154ef3dafe311daead248ceeeed26a25452edd1b7c,,,,
aio3,locked_val,aio3_stage_a_coarse_seed1415926,a,srsc,,1415926,60,124040,denoise50,psnr,29.3434496388852,,/root/autodl-tmp/srsc_lite_v12/artifacts/metrics/aio3_stage_a_coarse_seed1415926_locked_val.jsonl,68c6eceb104b8e7c7fd57c154ef3dafe311daead248ceeeed26a25452edd1b7c,,,,
aio3,locked_val,aio3_stage_a_coarse_seed1415926,a,srsc,,1415926,60,124040,derain,psnr,36.315617370605466,,/root/autodl-tmp/srsc_lite_v12/artifacts/metrics/aio3_stage_a_coarse_seed1415926_locked_val.jsonl,68c6eceb104b8e7c7fd57c154ef3dafe311daead248ceeeed26a25452edd1b7c,,,,
aio3,locked_val,aio3_stage_a_coarse_seed1415926,a,srsc,,1415926,60,124040,five_setting_mean,psnr,33.878435965918996,,/root/autodl-tmp/srsc_lite_v12/artifacts/metrics/aio3_stage_a_coarse_seed1415926_locked_val.jsonl,68c6eceb104b8e7c7fd57c154ef3dafe311daead248ceeeed26a25452edd1b7c,,,,
aio3,locked_val,aio3_stage_a_coarse_seed1415926,a,srsc,,1415926,65,129775,dehaze,psnr,36.05277909069527,,/root/autodl-tmp/srsc_lite_v12/artifacts/metrics/aio3_stage_a_coarse_seed1415926_locked_val.jsonl,68c6eceb104b8e7c7fd57c154ef3dafe311daead248ceeeed26a25452edd1b7c,,,,
aio3,locked_val,aio3_stage_a_coarse_seed1415926,a,srsc,,1415926,65,129775,denoise15,psnr,35.1408480672003,,/root/autodl-tmp/srsc_lite_v12/artifacts/metrics/aio3_stage_a_coarse_seed1415926_locked_val.jsonl,68c6eceb104b8e7c7fd57c154ef3dafe311daead248ceeeed26a25452edd1b7c,,,,
aio3,locked_val,aio3_stage_a_coarse_seed1415926,a,srsc,,1415926,65,129775,denoise25,psnr,32.66808413533331,,/root/autodl-tmp/srsc_lite_v12/artifacts/metrics/aio3_stage_a_coarse_seed1415926_locked_val.jsonl,68c6eceb104b8e7c7fd57c154ef3dafe311daead248ceeeed26a25452edd1b7c,,,,
aio3,locked_val,aio3_stage_a_coarse_seed1415926,a,srsc,,1415926,65,129775,denoise50,psnr,29.369682923103998,,/root/autodl-tmp/srsc_lite_v12/artifacts/metrics/aio3_stage_a_coarse_seed1415926_locked_val.jsonl,68c6eceb104b8e7c7fd57c154ef3dafe311daead248ceeeed26a25452edd1b7c,,,,
aio3,locked_val,aio3_stage_a_coarse_seed1415926,a,srsc,,1415926,65,129775,derain,psnr,36.46991605758667,,/root/autodl-tmp/srsc_lite_v12/artifacts/metrics/aio3_stage_a_coarse_seed1415926_locked_val.jsonl,68c6eceb104b8e7c7fd57c154ef3dafe311daead248ceeeed26a25452edd1b7c,,,,
aio3,locked_val,aio3_stage_a_coarse_seed1415926,a,srsc,,1415926,65,129775,five_setting_mean,psnr,33.94026205478391,,/root/autodl-tmp/srsc_lite_v12/artifacts/metrics/aio3_stage_a_coarse_seed1415926_locked_val.jsonl,68c6eceb104b8e7c7fd57c154ef3dafe311daead248ceeeed26a25452edd1b7c,,,,
aio3,locked_val,aio3_stage_a_coarse_seed1415926,a,srsc,,1415926,70,135510,dehaze,psnr,35.91081408989139,,/root/autodl-tmp/srsc_lite_v12/artifacts/metrics/aio3_stage_a_coarse_seed1415926_locked_val.jsonl,68c6eceb104b8e7c7fd57c154ef3dafe311daead248ceeeed26a25452edd1b7c,,,,
aio3,locked_val,aio3_stage_a_coarse_seed1415926,a,srsc,,1415926,70,135510,denoise15,psnr,35.16125099404344,,/root/autodl-tmp/srsc_lite_v12/artifacts/metrics/aio3_stage_a_coarse_seed1415926_locked_val.jsonl,68c6eceb104b8e7c7fd57c154ef3dafe311daead248ceeeed26a25452edd1b7c,,,,
aio3,locked_val,aio3_stage_a_coarse_seed1415926,a,srsc,,1415926,70,135510,denoise25,psnr,32.68207035249877,,/root/autodl-tmp/srsc_lite_v12/artifacts/metrics/aio3_stage_a_coarse_seed1415926_locked_val.jsonl,68c6eceb104b8e7c7fd57c154ef3dafe311daead248ceeeed26a25452edd1b7c,,,,
aio3,locked_val,aio3_stage_a_coarse_seed1415926,a,srsc,,1415926,70,135510,denoise50,psnr,29.371195895000568,,/root/autodl-tmp/srsc_lite_v12/artifacts/metrics/aio3_stage_a_coarse_seed1415926_locked_val.jsonl,68c6eceb104b8e7c7fd57c154ef3dafe311daead248ceeeed26a25452edd1b7c,,,,
aio3,locked_val,aio3_stage_a_coarse_seed1415926,a,srsc,,1415926,70,135510,derain,psnr,36.400677871704104,,/root/autodl-tmp/srsc_lite_v12/artifacts/metrics/aio3_stage_a_coarse_seed1415926_locked_val.jsonl,68c6eceb104b8e7c7fd57c154ef3dafe311daead248ceeeed26a25452edd1b7c,,,,
aio3,locked_val,aio3_stage_a_coarse_seed1415926,a,srsc,,1415926,70,135510,five_setting_mean,psnr,33.90520184062765,,/root/autodl-tmp/srsc_lite_v12/artifacts/metrics/aio3_stage_a_coarse_seed1415926_locked_val.jsonl,68c6eceb104b8e7c7fd57c154ef3dafe311daead248ceeeed26a25452edd1b7c,,,,
aio3,locked_val,aio3_stage_a_coarse_seed1415926,a,srsc,,1415926,75,141245,dehaze,psnr,36.470250125047635,,/root/autodl-tmp/srsc_lite_v12/artifacts/metrics/aio3_stage_a_coarse_seed1415926_locked_val.jsonl,68c6eceb104b8e7c7fd57c154ef3dafe311daead248ceeeed26a25452edd1b7c,,,,
aio3,locked_val,aio3_stage_a_coarse_seed1415926,a,srsc,,1415926,75,141245,denoise15,psnr,35.140353526883914,,/root/autodl-tmp/srsc_lite_v12/artifacts/metrics/aio3_stage_a_coarse_seed1415926_locked_val.jsonl,68c6eceb104b8e7c7fd57c154ef3dafe311daead248ceeeed26a25452edd1b7c,,,,
aio3,locked_val,aio3_stage_a_coarse_seed1415926,a,srsc,,1415926,75,141245,denoise25,psnr,32.67251092484854,,/root/autodl-tmp/srsc_lite_v12/artifacts/metrics/aio3_stage_a_coarse_seed1415926_locked_val.jsonl,68c6eceb104b8e7c7fd57c154ef3dafe311daead248ceeeed26a25452edd1b7c,,,,
aio3,locked_val,aio3_stage_a_coarse_seed1415926,a,srsc,,1415926,75,141245,denoise50,psnr,29.36945767078585,,/root/autodl-tmp/srsc_lite_v12/artifacts/metrics/aio3_stage_a_coarse_seed1415926_locked_val.jsonl,68c6eceb104b8e7c7fd57c154ef3dafe311daead248ceeeed26a25452edd1b7c,,,,
aio3,locked_val,aio3_stage_a_coarse_seed1415926,a,srsc,,1415926,75,141245,derain,psnr,36.478333473205566,,/root/autodl-tmp/srsc_lite_v12/artifacts/metrics/aio3_stage_a_coarse_seed1415926_locked_val.jsonl,68c6eceb104b8e7c7fd57c154ef3dafe311daead248ceeeed26a25452edd1b7c,,,,
aio3,locked_val,aio3_stage_a_coarse_seed1415926,a,srsc,,1415926,75,141245,five_setting_mean,psnr,34.0261811441543,,/root/autodl-tmp/srsc_lite_v12/artifacts/metrics/aio3_stage_a_coarse_seed1415926_locked_val.jsonl,68c6eceb104b8e7c7fd57c154ef3dafe311daead248ceeeed26a25452edd1b7c,,,,
aio3,locked_val,aio3_stage_a_coarse_seed1415926,a,srsc,,1415926,80,146980,dehaze,psnr,36.08751658928104,,/root/autodl-tmp/srsc_lite_v12/artifacts/metrics/aio3_stage_a_coarse_seed1415926_locked_val.jsonl,68c6eceb104b8e7c7fd57c154ef3dafe311daead248ceeeed26a25452edd1b7c,,,,
aio3,locked_val,aio3_stage_a_coarse_seed1415926,a,srsc,,1415926,80,146980,denoise15,psnr,35.14882056227008,,/root/autodl-tmp/srsc_lite_v12/artifacts/metrics/aio3_stage_a_coarse_seed1415926_locked_val.jsonl,68c6eceb104b8e7c7fd57c154ef3dafe311daead248ceeeed26a25452edd1b7c,,,,
aio3,locked_val,aio3_stage_a_coarse_seed1415926,a,srsc,,1415926,80,146980,denoise25,psnr,32.6844429830903,,/root/autodl-tmp/srsc_lite_v12/artifacts/metrics/aio3_stage_a_coarse_seed1415926_locked_val.jsonl,68c6eceb104b8e7c7fd57c154ef3dafe311daead248ceeeed26a25452edd1b7c,,,,
aio3,locked_val,aio3_stage_a_coarse_seed1415926,a,srsc,,1415926,80,146980,denoise50,psnr,29.384446894080895,,/root/autodl-tmp/srsc_lite_v12/artifacts/metrics/aio3_stage_a_coarse_seed1415926_locked_val.jsonl,68c6eceb104b8e7c7fd57c154ef3dafe311daead248ceeeed26a25452edd1b7c,,,,
aio3,locked_val,aio3_stage_a_coarse_seed1415926,a,srsc,,1415926,80,146980,derain,psnr,36.412034606933595,,/root/autodl-tmp/srsc_lite_v12/artifacts/metrics/aio3_stage_a_coarse_seed1415926_locked_val.jsonl,68c6eceb104b8e7c7fd57c154ef3dafe311daead248ceeeed26a25452edd1b7c,,,,
aio3,locked_val,aio3_stage_a_coarse_seed1415926,a,srsc,,1415926,80,146980,five_setting_mean,psnr,33.943452327131176,,/root/autodl-tmp/srsc_lite_v12/artifacts/metrics/aio3_stage_a_coarse_seed1415926_locked_val.jsonl,68c6eceb104b8e7c7fd57c154ef3dafe311daead248ceeeed26a25452edd1b7c,,,,
aio3,locked_val,aio3_stage_a_coarse_seed1415926,a,srsc,,1415926,85,152715,dehaze,psnr,35.962378236724106,,/root/autodl-tmp/srsc_lite_v12/artifacts/metrics/aio3_stage_a_coarse_seed1415926_locked_val.jsonl,68c6eceb104b8e7c7fd57c154ef3dafe311daead248ceeeed26a25452edd1b7c,,,,
aio3,locked_val,aio3_stage_a_coarse_seed1415926,a,srsc,,1415926,85,152715,denoise15,psnr,35.15984970389061,,/root/autodl-tmp/srsc_lite_v12/artifacts/metrics/aio3_stage_a_coarse_seed1415926_locked_val.jsonl,68c6eceb104b8e7c7fd57c154ef3dafe311daead248ceeeed26a25452edd1b7c,,,,
aio3,locked_val,aio3_stage_a_coarse_seed1415926,a,srsc,,1415926,85,152715,denoise25,psnr,32.676162145670176,,/root/autodl-tmp/srsc_lite_v12/artifacts/metrics/aio3_stage_a_coarse_seed1415926_locked_val.jsonl,68c6eceb104b8e7c7fd57c154ef3dafe311daead248ceeeed26a25452edd1b7c,,,,
aio3,locked_val,aio3_stage_a_coarse_seed1415926,a,srsc,,1415926,85,152715,denoise50,psnr,29.367099447157777,,/root/autodl-tmp/srsc_lite_v12/artifacts/metrics/aio3_stage_a_coarse_seed1415926_locked_val.jsonl,68c6eceb104b8e7c7fd57c154ef3dafe311daead248ceeeed26a25452edd1b7c,,,,
aio3,locked_val,aio3_stage_a_coarse_seed1415926,a,srsc,,1415926,85,152715,derain,psnr,36.59784049987793,,/root/autodl-tmp/srsc_lite_v12/artifacts/metrics/aio3_stage_a_coarse_seed1415926_locked_val.jsonl,68c6eceb104b8e7c7fd57c154ef3dafe311daead248ceeeed26a25452edd1b7c,,,,
aio3,locked_val,aio3_stage_a_coarse_seed1415926,a,srsc,,1415926,85,152715,five_setting_mean,psnr,33.95266600666412,,/root/autodl-tmp/srsc_lite_v12/artifacts/metrics/aio3_stage_a_coarse_seed1415926_locked_val.jsonl,68c6eceb104b8e7c7fd57c154ef3dafe311daead248ceeeed26a25452edd1b7c,,,,
aio3,locked_val,aio3_stage_a_coarse_seed1415926,a,srsc,,1415926,90,158450,dehaze,psnr,36.24732606469131,,/root/autodl-tmp/srsc_lite_v12/artifacts/metrics/aio3_stage_a_coarse_seed1415926_locked_val.jsonl,68c6eceb104b8e7c7fd57c154ef3dafe311daead248ceeeed26a25452edd1b7c,,,,
aio3,locked_val,aio3_stage_a_coarse_seed1415926,a,srsc,,1415926,90,158450,denoise15,psnr,35.20916757305849,,/root/autodl-tmp/srsc_lite_v12/artifacts/metrics/aio3_stage_a_coarse_seed1415926_locked_val.jsonl,68c6eceb104b8e7c7fd57c154ef3dafe311daead248ceeeed26a25452edd1b7c,,,,
aio3,locked_val,aio3_stage_a_coarse_seed1415926,a,srsc,,1415926,90,158450,denoise25,psnr,32.73404608420955,,/root/autodl-tmp/srsc_lite_v12/artifacts/metrics/aio3_stage_a_coarse_seed1415926_locked_val.jsonl,68c6eceb104b8e7c7fd57c154ef3dafe311daead248ceeeed26a25452edd1b7c,,,,
aio3,locked_val,aio3_stage_a_coarse_seed1415926,a,srsc,,1415926,90,158450,denoise50,psnr,29.43065552572602,,/root/autodl-tmp/srsc_lite_v12/artifacts/metrics/aio3_stage_a_coarse_seed1415926_locked_val.jsonl,68c6eceb104b8e7c7fd57c154ef3dafe311daead248ceeeed26a25452edd1b7c,,,,
aio3,locked_val,aio3_stage_a_coarse_seed1415926,a,srsc,,1415926,90,158450,derain,psnr,36.72426967620849,,/root/autodl-tmp/srsc_lite_v12/artifacts/metrics/aio3_stage_a_coarse_seed1415926_locked_val.jsonl,68c6eceb104b8e7c7fd57c154ef3dafe311daead248ceeeed26a25452edd1b7c,,,,
aio3,locked_val,aio3_stage_a_coarse_seed1415926,a,srsc,,1415926,90,158450,five_setting_mean,psnr,34.06909298477878,,/root/autodl-tmp/srsc_lite_v12/artifacts/metrics/aio3_stage_a_coarse_seed1415926_locked_val.jsonl,68c6eceb104b8e7c7fd57c154ef3dafe311daead248ceeeed26a25452edd1b7c,,,,
aio3,locked_val,aio3_stage_a_coarse_seed1415926,a,srsc,,1415926,95,164185,dehaze,psnr,36.36446309903773,,/root/autodl-tmp/srsc_lite_v12/artifacts/metrics/aio3_stage_a_coarse_seed1415926_locked_val.jsonl,68c6eceb104b8e7c7fd57c154ef3dafe311daead248ceeeed26a25452edd1b7c,,,,
aio3,locked_val,aio3_stage_a_coarse_seed1415926,a,srsc,,1415926,95,164185,denoise15,psnr,35.21436491290343,,/root/autodl-tmp/srsc_lite_v12/artifacts/metrics/aio3_stage_a_coarse_seed1415926_locked_val.jsonl,68c6eceb104b8e7c7fd57c154ef3dafe311daead248ceeeed26a25452edd1b7c,,,,
aio3,locked_val,aio3_stage_a_coarse_seed1415926,a,srsc,,1415926,95,164185,denoise25,psnr,32.742007783315714,,/root/autodl-tmp/srsc_lite_v12/artifacts/metrics/aio3_stage_a_coarse_seed1415926_locked_val.jsonl,68c6eceb104b8e7c7fd57c154ef3dafe311daead248ceeeed26a25452edd1b7c,,,,
aio3,locked_val,aio3_stage_a_coarse_seed1415926,a,srsc,,1415926,95,164185,denoise50,psnr,29.438479673515246,,/root/autodl-tmp/srsc_lite_v12/artifacts/metrics/aio3_stage_a_coarse_seed1415926_locked_val.jsonl,68c6eceb104b8e7c7fd57c154ef3dafe311daead248ceeeed26a25452edd1b7c,,,,
aio3,locked_val,aio3_stage_a_coarse_seed1415926,a,srsc,,1415926,95,164185,derain,psnr,36.67279577255249,,/root/autodl-tmp/srsc_lite_v12/artifacts/metrics/aio3_stage_a_coarse_seed1415926_locked_val.jsonl,68c6eceb104b8e7c7fd57c154ef3dafe311daead248ceeeed26a25452edd1b7c,,,,
aio3,locked_val,aio3_stage_a_coarse_seed1415926,a,srsc,,1415926,95,164185,five_setting_mean,psnr,34.086422248264924,,/root/autodl-tmp/srsc_lite_v12/artifacts/metrics/aio3_stage_a_coarse_seed1415926_locked_val.jsonl,68c6eceb104b8e7c7fd57c154ef3dafe311daead248ceeeed26a25452edd1b7c,,,,
aio3,locked_val,aio3_stage_a_coarse_seed1415926,a,srsc,,1415926,100,169920,dehaze,psnr,35.96561581681414,,/root/autodl-tmp/srsc_lite_v12/artifacts/metrics/aio3_stage_a_coarse_seed1415926_locked_val.jsonl,68c6eceb104b8e7c7fd57c154ef3dafe311daead248ceeeed26a25452edd1b7c,,,,
aio3,locked_val,aio3_stage_a_coarse_seed1415926,a,srsc,,1415926,100,169920,denoise15,psnr,35.22243821968153,,/root/autodl-tmp/srsc_lite_v12/artifacts/metrics/aio3_stage_a_coarse_seed1415926_locked_val.jsonl,68c6eceb104b8e7c7fd57c154ef3dafe311daead248ceeeed26a25452edd1b7c,,,,
aio3,locked_val,aio3_stage_a_coarse_seed1415926,a,srsc,,1415926,100,169920,denoise25,psnr,32.74890197827978,,/root/autodl-tmp/srsc_lite_v12/artifacts/metrics/aio3_stage_a_coarse_seed1415926_locked_val.jsonl,68c6eceb104b8e7c7fd57c154ef3dafe311daead248ceeeed26a25452edd1b7c,,,,
aio3,locked_val,aio3_stage_a_coarse_seed1415926,a,srsc,,1415926,100,169920,denoise50,psnr,29.441614262108665,,/root/autodl-tmp/srsc_lite_v12/artifacts/metrics/aio3_stage_a_coarse_seed1415926_locked_val.jsonl,68c6eceb104b8e7c7fd57c154ef3dafe311daead248ceeeed26a25452edd1b7c,,,,
aio3,locked_val,aio3_stage_a_coarse_seed1415926,a,srsc,,1415926,100,169920,derain,psnr,36.40118741989136,,/root/autodl-tmp/srsc_lite_v12/artifacts/metrics/aio3_stage_a_coarse_seed1415926_locked_val.jsonl,68c6eceb104b8e7c7fd57c154ef3dafe311daead248ceeeed26a25452edd1b7c,,,,
aio3,locked_val,aio3_stage_a_coarse_seed1415926,a,srsc,,1415926,100,169920,five_setting_mean,psnr,33.9559515393551,,/root/autodl-tmp/srsc_lite_v12/artifacts/metrics/aio3_stage_a_coarse_seed1415926_locked_val.jsonl,68c6eceb104b8e7c7fd57c154ef3dafe311daead248ceeeed26a25452edd1b7c,,,,
aio3,locked_val,aio3_stage_a_coarse_seed1415926,a,srsc,,1415926,105,175655,dehaze,psnr,36.36690555665551,,/root/autodl-tmp/srsc_lite_v12/artifacts/metrics/aio3_stage_a_coarse_seed1415926_locked_val.jsonl,68c6eceb104b8e7c7fd57c154ef3dafe311daead248ceeeed26a25452edd1b7c,,,,
aio3,locked_val,aio3_stage_a_coarse_seed1415926,a,srsc,,1415926,105,175655,denoise15,psnr,35.239559118030144,,/root/autodl-tmp/srsc_lite_v12/artifacts/metrics/aio3_stage_a_coarse_seed1415926_locked_val.jsonl,68c6eceb104b8e7c7fd57c154ef3dafe311daead248ceeeed26a25452edd1b7c,,,,
aio3,locked_val,aio3_stage_a_coarse_seed1415926,a,srsc,,1415926,105,175655,denoise25,psnr,32.76051632408957,,/root/autodl-tmp/srsc_lite_v12/artifacts/metrics/aio3_stage_a_coarse_seed1415926_locked_val.jsonl,68c6eceb104b8e7c7fd57c154ef3dafe311daead248ceeeed26a25452edd1b7c,,,,
aio3,locked_val,aio3_stage_a_coarse_seed1415926,a,srsc,,1415926,105,175655,denoise50,psnr,29.454575140499376,,/root/autodl-tmp/srsc_lite_v12/artifacts/metrics/aio3_stage_a_coarse_seed1415926_locked_val.jsonl,68c6eceb104b8e7c7fd57c154ef3dafe311daead248ceeeed26a25452edd1b7c,,,,
aio3,locked_val,aio3_stage_a_coarse_seed1415926,a,srsc,,1415926,105,175655,derain,psnr,36.71124782562256,,/root/autodl-tmp/srsc_lite_v12/artifacts/metrics/aio3_stage_a_coarse_seed1415926_locked_val.jsonl,68c6eceb104b8e7c7fd57c154ef3dafe311daead248ceeeed26a25452edd1b7c,,,,
aio3,locked_val,aio3_stage_a_coarse_seed1415926,a,srsc,,1415926,105,175655,five_setting_mean,psnr,34.10656079297944,,/root/autodl-tmp/srsc_lite_v12/artifacts/metrics/aio3_stage_a_coarse_seed1415926_locked_val.jsonl,68c6eceb104b8e7c7fd57c154ef3dafe311daead248ceeeed26a25452edd1b7c,,,,
aio3,locked_val,aio3_stage_a_coarse_seed1415926,a,srsc,,1415926,110,181390,dehaze,psnr,35.98814421863091,,/root/autodl-tmp/srsc_lite_v12/artifacts/metrics/aio3_stage_a_coarse_seed1415926_locked_val.jsonl,68c6eceb104b8e7c7fd57c154ef3dafe311daead248ceeeed26a25452edd1b7c,,,,
aio3,locked_val,aio3_stage_a_coarse_seed1415926,a,srsc,,1415926,110,181390,denoise15,psnr,35.2430828242626,,/root/autodl-tmp/srsc_lite_v12/artifacts/metrics/aio3_stage_a_coarse_seed1415926_locked_val.jsonl,68c6eceb104b8e7c7fd57c154ef3dafe311daead248ceeeed26a25452edd1b7c,,,,
aio3,locked_val,aio3_stage_a_coarse_seed1415926,a,srsc,,1415926,110,181390,denoise25,psnr,32.765958156400515,,/root/autodl-tmp/srsc_lite_v12/artifacts/metrics/aio3_stage_a_coarse_seed1415926_locked_val.jsonl,68c6eceb104b8e7c7fd57c154ef3dafe311daead248ceeeed26a25452edd1b7c,,,,
aio3,locked_val,aio3_stage_a_coarse_seed1415926,a,srsc,,1415926,110,181390,denoise50,psnr,29.456509469782265,,/root/autodl-tmp/srsc_lite_v12/artifacts/metrics/aio3_stage_a_coarse_seed1415926_locked_val.jsonl,68c6eceb104b8e7c7fd57c154ef3dafe311daead248ceeeed26a25452edd1b7c,,,,
aio3,locked_val,aio3_stage_a_coarse_seed1415926,a,srsc,,1415926,110,181390,derain,psnr,36.67090482711792,,/root/autodl-tmp/srsc_lite_v12/artifacts/metrics/aio3_stage_a_coarse_seed1415926_locked_val.jsonl,68c6eceb104b8e7c7fd57c154ef3dafe311daead248ceeeed26a25452edd1b7c,,,,
aio3,locked_val,aio3_stage_a_coarse_seed1415926,a,srsc,,1415926,110,181390,five_setting_mean,psnr,34.02491989923884,,/root/autodl-tmp/srsc_lite_v12/artifacts/metrics/aio3_stage_a_coarse_seed1415926_locked_val.jsonl,68c6eceb104b8e7c7fd57c154ef3dafe311daead248ceeeed26a25452edd1b7c,,,,
aio3,locked_val,aio3_stage_a_coarse_seed1415926,a,srsc,,1415926,115,187125,dehaze,psnr,36.46900074656417,,/root/autodl-tmp/srsc_lite_v12/artifacts/metrics/aio3_stage_a_coarse_seed1415926_locked_val.jsonl,68c6eceb104b8e7c7fd57c154ef3dafe311daead248ceeeed26a25452edd1b7c,,,,
aio3,locked_val,aio3_stage_a_coarse_seed1415926,a,srsc,,1415926,115,187125,denoise15,psnr,35.24840577134808,,/root/autodl-tmp/srsc_lite_v12/artifacts/metrics/aio3_stage_a_coarse_seed1415926_locked_val.jsonl,68c6eceb104b8e7c7fd57c154ef3dafe311daead248ceeeed26a25452edd1b7c,,,,
aio3,locked_val,aio3_stage_a_coarse_seed1415926,a,srsc,,1415926,115,187125,denoise25,psnr,32.76254607635794,,/root/autodl-tmp/srsc_lite_v12/artifacts/metrics/aio3_stage_a_coarse_seed1415926_locked_val.jsonl,68c6eceb104b8e7c7fd57c154ef3dafe311daead248ceeeed26a25452edd1b7c,,,,
aio3,locked_val,aio3_stage_a_coarse_seed1415926,a,srsc,,1415926,115,187125,denoise50,psnr,29.450207849150722,,/root/autodl-tmp/srsc_lite_v12/artifacts/metrics/aio3_stage_a_coarse_seed1415926_locked_val.jsonl,68c6eceb104b8e7c7fd57c154ef3dafe311daead248ceeeed26a25452edd1b7c,,,,
aio3,locked_val,aio3_stage_a_coarse_seed1415926,a,srsc,,1415926,115,187125,derain,psnr,36.79305906295777,,/root/autodl-tmp/srsc_lite_v12/artifacts/metrics/aio3_stage_a_coarse_seed1415926_locked_val.jsonl,68c6eceb104b8e7c7fd57c154ef3dafe311daead248ceeeed26a25452edd1b7c,,,,
aio3,locked_val,aio3_stage_a_coarse_seed1415926,a,srsc,,1415926,115,187125,five_setting_mean,psnr,34.14464390127574,,/root/autodl-tmp/srsc_lite_v12/artifacts/metrics/aio3_stage_a_coarse_seed1415926_locked_val.jsonl,68c6eceb104b8e7c7fd57c154ef3dafe311daead248ceeeed26a25452edd1b7c,,,,
aio3,locked_val,aio3_stage_a_coarse_seed1415926,a,srsc,,1415926,120,192860,dehaze,psnr,36.244077729015814,,/root/autodl-tmp/srsc_lite_v12/artifacts/metrics/aio3_stage_a_coarse_seed1415926_locked_val.jsonl,68c6eceb104b8e7c7fd57c154ef3dafe311daead248ceeeed26a25452edd1b7c,,,,
aio3,locked_val,aio3_stage_a_coarse_seed1415926,a,srsc,,1415926,120,192860,denoise15,psnr,35.25818461816288,,/root/autodl-tmp/srsc_lite_v12/artifacts/metrics/aio3_stage_a_coarse_seed1415926_locked_val.jsonl,68c6eceb104b8e7c7fd57c154ef3dafe311daead248ceeeed26a25452edd1b7c,,,,
aio3,locked_val,aio3_stage_a_coarse_seed1415926,a,srsc,,1415926,120,192860,denoise25,psnr,32.78060137183921,,/root/autodl-tmp/srsc_lite_v12/artifacts/metrics/aio3_stage_a_coarse_seed1415926_locked_val.jsonl,68c6eceb104b8e7c7fd57c154ef3dafe311daead248ceeeed26a25452edd1b7c,,,,
aio3,locked_val,aio3_stage_a_coarse_seed1415926,a,srsc,,1415926,120,192860,denoise50,psnr,29.470465002708064,,/root/autodl-tmp/srsc_lite_v12/artifacts/metrics/aio3_stage_a_coarse_seed1415926_locked_val.jsonl,68c6eceb104b8e7c7fd57c154ef3dafe311daead248ceeeed26a25452edd1b7c,,,,
aio3,locked_val,aio3_stage_a_coarse_seed1415926,a,srsc,,1415926,120,192860,derain,psnr,36.79587907791138,,/root/autodl-tmp/srsc_lite_v12/artifacts/metrics/aio3_stage_a_coarse_seed1415926_locked_val.jsonl,68c6eceb104b8e7c7fd57c154ef3dafe311daead248ceeeed26a25452edd1b7c,,,,
aio3,locked_val,aio3_stage_a_coarse_seed1415926,a,srsc,,1415926,120,192860,five_setting_mean,psnr,34.10984155992746,,/root/autodl-tmp/srsc_lite_v12/artifacts/metrics/aio3_stage_a_coarse_seed1415926_locked_val.jsonl,68c6eceb104b8e7c7fd57c154ef3dafe311daead248ceeeed26a25452edd1b7c,,,,
aio3,locked_val,aio3_stage_a_coarse_seed1415926,a,srsc,,1415926,125,198595,dehaze,psnr,36.52666675288503,,/root/autodl-tmp/srsc_lite_v12/artifacts/metrics/aio3_stage_a_coarse_seed1415926_locked_val.jsonl,68c6eceb104b8e7c7fd57c154ef3dafe311daead248ceeeed26a25452edd1b7c,,,,
aio3,locked_val,aio3_stage_a_coarse_seed1415926,a,srsc,,1415926,125,198595,denoise15,psnr,35.26179554392991,,/root/autodl-tmp/srsc_lite_v12/artifacts/metrics/aio3_stage_a_coarse_seed1415926_locked_val.jsonl,68c6eceb104b8e7c7fd57c154ef3dafe311daead248ceeeed26a25452edd1b7c,,,,
aio3,locked_val,aio3_stage_a_coarse_seed1415926,a,srsc,,1415926,125,198595,denoise25,psnr,32.780726349469525,,/root/autodl-tmp/srsc_lite_v12/artifacts/metrics/aio3_stage_a_coarse_seed1415926_locked_val.jsonl,68c6eceb104b8e7c7fd57c154ef3dafe311daead248ceeeed26a25452edd1b7c,,,,
aio3,locked_val,aio3_stage_a_coarse_seed1415926,a,srsc,,1415926,125,198595,denoise50,psnr,29.472034621007236,,/root/autodl-tmp/srsc_lite_v12/artifacts/metrics/aio3_stage_a_coarse_seed1415926_locked_val.jsonl,68c6eceb104b8e7c7fd57c154ef3dafe311daead248ceeeed26a25452edd1b7c,,,,
aio3,locked_val,aio3_stage_a_coarse_seed1415926,a,srsc,,1415926,125,198595,derain,psnr,36.900432395935056,,/root/autodl-tmp/srsc_lite_v12/artifacts/metrics/aio3_stage_a_coarse_seed1415926_locked_val.jsonl,68c6eceb104b8e7c7fd57c154ef3dafe311daead248ceeeed26a25452edd1b7c,,,,
aio3,locked_val,aio3_stage_a_coarse_seed1415926,a,srsc,,1415926,125,198595,five_setting_mean,psnr,34.18833113264535,,/root/autodl-tmp/srsc_lite_v12/artifacts/metrics/aio3_stage_a_coarse_seed1415926_locked_val.jsonl,68c6eceb104b8e7c7fd57c154ef3dafe311daead248ceeeed26a25452edd1b7c,,,,
aio3,locked_val,aio3_stage_a_coarse_seed1415926,a,srsc,,1415926,130,204330,dehaze,psnr,36.071136148964484,,/root/autodl-tmp/srsc_lite_v12/artifacts/metrics/aio3_stage_a_coarse_seed1415926_locked_val.jsonl,68c6eceb104b8e7c7fd57c154ef3dafe311daead248ceeeed26a25452edd1b7c,,,,
aio3,locked_val,aio3_stage_a_coarse_seed1415926,a,srsc,,1415926,130,204330,denoise15,psnr,35.268009704293554,,/root/autodl-tmp/srsc_lite_v12/artifacts/metrics/aio3_stage_a_coarse_seed1415926_locked_val.jsonl,68c6eceb104b8e7c7fd57c154ef3dafe311daead248ceeeed26a25452edd1b7c,,,,
aio3,locked_val,aio3_stage_a_coarse_seed1415926,a,srsc,,1415926,130,204330,denoise25,psnr,32.78998047171287,,/root/autodl-tmp/srsc_lite_v12/artifacts/metrics/aio3_stage_a_coarse_seed1415926_locked_val.jsonl,68c6eceb104b8e7c7fd57c154ef3dafe311daead248ceeeed26a25452edd1b7c,,,,
aio3,locked_val,aio3_stage_a_coarse_seed1415926,a,srsc,,1415926,130,204330,denoise50,psnr,29.49316098852065,,/root/autodl-tmp/srsc_lite_v12/artifacts/metrics/aio3_stage_a_coarse_seed1415926_locked_val.jsonl,68c6eceb104b8e7c7fd57c154ef3dafe311daead248ceeeed26a25452edd1b7c,,,,
aio3,locked_val,aio3_stage_a_coarse_seed1415926,a,srsc,,1415926,130,204330,derain,psnr,36.78515748977661,,/root/autodl-tmp/srsc_lite_v12/artifacts/metrics/aio3_stage_a_coarse_seed1415926_locked_val.jsonl,68c6eceb104b8e7c7fd57c154ef3dafe311daead248ceeeed26a25452edd1b7c,,,,
aio3,locked_val,aio3_stage_a_coarse_seed1415926,a,srsc,,1415926,130,204330,five_setting_mean,psnr,34.08148896065363,,/root/autodl-tmp/srsc_lite_v12/artifacts/metrics/aio3_stage_a_coarse_seed1415926_locked_val.jsonl,68c6eceb104b8e7c7fd57c154ef3dafe311daead248ceeeed26a25452edd1b7c,,,,
aio3,locked_val,aio3_stage_a_coarse_seed1415926,a,srsc,,1415926,135,210065,dehaze,psnr,36.121744890910826,,/root/autodl-tmp/srsc_lite_v12/artifacts/metrics/aio3_stage_a_coarse_seed1415926_locked_val.jsonl,68c6eceb104b8e7c7fd57c154ef3dafe311daead248ceeeed26a25452edd1b7c,,,,
aio3,locked_val,aio3_stage_a_coarse_seed1415926,a,srsc,,1415926,135,210065,denoise15,psnr,35.27587566560912,,/root/autodl-tmp/srsc_lite_v12/artifacts/metrics/aio3_stage_a_coarse_seed1415926_locked_val.jsonl,68c6eceb104b8e7c7fd57c154ef3dafe311daead248ceeeed26a25452edd1b7c,,,,
aio3,locked_val,aio3_stage_a_coarse_seed1415926,a,srsc,,1415926,135,210065,denoise25,psnr,32.79497385487973,,/root/autodl-tmp/srsc_lite_v12/artifacts/metrics/aio3_stage_a_coarse_seed1415926_locked_val.jsonl,68c6eceb104b8e7c7fd57c154ef3dafe311daead248ceeeed26a25452edd1b7c,,,,
aio3,locked_val,aio3_stage_a_coarse_seed1415926,a,srsc,,1415926,135,210065,denoise50,psnr,29.494679608391326,,/root/autodl-tmp/srsc_lite_v12/artifacts/metrics/aio3_stage_a_coarse_seed1415926_locked_val.jsonl,68c6eceb104b8e7c7fd57c154ef3dafe311daead248ceeeed26a25452edd1b7c,,,,
aio3,locked_val,aio3_stage_a_coarse_seed1415926,a,srsc,,1415926,135,210065,derain,psnr,36.822379398345944,,/root/autodl-tmp/srsc_lite_v12/artifacts/metrics/aio3_stage_a_coarse_seed1415926_locked_val.jsonl,68c6eceb104b8e7c7fd57c154ef3dafe311daead248ceeeed26a25452edd1b7c,,,,
aio3,locked_val,aio3_stage_a_coarse_seed1415926,a,srsc,,1415926,135,210065,five_setting_mean,psnr,34.101930683627394,,/root/autodl-tmp/srsc_lite_v12/artifacts/metrics/aio3_stage_a_coarse_seed1415926_locked_val.jsonl,68c6eceb104b8e7c7fd57c154ef3dafe311daead248ceeeed26a25452edd1b7c,,,,
